{
  "faqs": [
    {
      "id": "faq_001",
      "category": "order_status",
      "question": "How can I track my order?",
      "answer": "You can track your order by going to 'My Orders' section and clicking on the order you want to track. You'll see real-time updates on your order status.",
      "keywords": ["track", "order status", "where is my order", "delivery status"]
    },
    {
      "id": "faq_002",
      "category": "delivery",
      "question": "What are the delivery timings?",
      "answer": "Our standard delivery timings are between 9 AM to 9 PM. Express delivery is available for select locations with delivery within 30-45 minutes.",
      "keywords": ["delivery time", "when will i get", "delivery hours"]
    },
    {
      "id": "faq_003",
      "category": "payment",
      "question": "What payment methods do you accept?",
      "answer": "We accept Credit/Debit cards, UPI, Net Banking, and popular digital wallets. Cash on Delivery is also available for select locations.",
      "keywords": ["payment", "pay", "payment methods", "cod", "cash on delivery"]
    },
    {
      "id": "faq_004",
      "category": "refund",
      "question": "How do I get a refund?",
      "answer": "Refunds are processed within 5-7 business days to your original payment method. For cancelled orders, refunds are initiated automatically.",
      "keywords": ["refund", "money back", "return money", "refund status"]
    },
    {
      "id": "faq_005",
      "category": "cancellation",
      "question": "Can I cancel my order?",
      "answer": "Yes, you can cancel your order before it's picked up by the delivery partner. Go to 'My Orders', select the order, and click 'Cancel Order'.",
      "keywords": ["cancel", "cancel order", "cancellation"]
    }
  ]
}
 
 