{
  "policies": [
    {
      "id": "policy_001",
      "title": "Refund Policy",
      "content": "Full refunds are provided for cancelled orders. For quality issues, refunds are processed after verification. Refund timeline: 5-7 business days.",
      "category": "refund"
    },
    {
      "id": "policy_002",
      "title": "Cancellation Policy",
      "content": "Orders can be cancelled before pickup without charges. After pickup, cancellation may incur charges. No cancellation allowed after delivery partner is nearby.",
      "category": "cancellation"
    },
    {
      "id": "policy_003",
      "title": "Delivery Policy",
      "content": "Standard delivery: 45-60 minutes. Express delivery: 30-45 minutes. Delivery charges vary by location. Free delivery on orders above $20.",
      "category": "delivery"
    },
    {
      "id": "policy_004",
      "title": "Quality Guarantee",
      "content": "We guarantee fresh and quality products. Report quality issues within 24 hours for full refund or replacement.",
      "category": "quality"
    }
  ]
}
 
 