{
  "troubleshooting": [
    {
      "id": "ts_001",
      "issue": "Order delayed",
      "steps": [
        "Check current order status in 'My Orders'",
        "Verify delivery address is correct",
        "Contact delivery partner if order is out for delivery",
        "If delay exceeds 30 minutes from estimated time, raise a support ticket"
      ],
      "category": "delivery"
    },
    {
      "id": "ts_002",
      "issue": "Payment failed but amount deducted",
      "steps": [
        "Check your order history - order may have been placed",
        "If order not placed, amount will be refunded in 5-7 business days",
        "Check bank statement after 24 hours",
        "If not refunded after 7 days, raise a ticket with transaction ID"
      ],
      "category": "payment"
    },
    {
      "id": "ts_003",
      "issue": "Wrong item delivered",
      "steps": [
        "Take a photo of the delivered item",
        "Go to order details and select 'Report Issue'",
        "Choose 'Wrong Item' and upload photo",
        "Refund or replacement will be processed within 24 hours"
      ],
      "category": "quality"
    },
    {
      "id": "ts_004",
      "issue": "Cannot cancel order",
      "steps": [
        "Check if order is already picked up",
        "If picked up, cancellation may not be possible",
        "You can refuse delivery and get automatic refund",
        "Contact support if cancel button is not working"
      ],
      "category": "cancellation"
    }
  ]
}
 
 